Query,Assessment_url
Need a Java developer who is good in collaborating with external teams and stakeholders.,https://www.shl.com/products/product-catalog/view/professionalindividual-contributor-short-form/
Need a Java developer who is good in collaborating with external teams and stakeholders.,https://www.shl.com/products/product-catalog/view/professional-7-0-solution/
Need a Java developer who is good in collaborating with external teams and stakeholders.,https://www.shl.com/products/product-catalog/view/professional-7-0-solution-3958/
Need a Java developer who is good in collaborating with external teams and stakeholders.,https://www.shl.com/products/product-catalog/view/professional-8-0-jfa/?variant=190
Need a Java developer who is good in collaborating with external teams and stakeholders.,https://www.shl.com/products/product-catalog/view/professional-7-1-solution-4247/
"Looking to hire mid-level professionals who are proficient in Python, SQL and Java Script.",https://www.shl.com/products/product-catalog/view/professional-7-0-solution/
"Looking to hire mid-level professionals who are proficient in Python, SQL and Java Script.",https://www.shl.com/products/product-catalog/view/professional-7-1-solution-4247/
"Looking to hire mid-level professionals who are proficient in Python, SQL and Java Script.",https://www.shl.com/products/product-catalog/view/professionalindividual-contributor-short-form/
"Looking to hire mid-level professionals who are proficient in Python, SQL and Java Script.",https://www.shl.com/products/product-catalog/view/professional-7-0-solution-3958/
"Looking to hire mid-level professionals who are proficient in Python, SQL and Java Script.",https://www.shl.com/products/product-catalog/view/professionalindividual-contributor-short-form/?variant=206
